{"materials":[{"id":698,"path":"Resources/unity_builtin_extra\\Default-Material","assetBundleId":-2,"data":["Default-Material",0,64,2000,0,[["_Cutoff",0.5],["_Glossiness",0.5],["_GlossMapScale",1],["_SmoothnessTextureChannel",0],["_Metallic",0],["_SpecularHighlights",1],["_GlossyReflections",1],["_BumpScale",1],["_Parallax",0.0199999995529652],["_OcclusionStrength",1],["_DetailNormalMapScale",1],["_UVSec",0],["_Mode",0],["_SrcBlend",1],["_DstBlend",0],["_ZWrite",1]],[["_Color",1,1,1,1],["_EmissionColor",0,0,0,0.999999940395355]],[["_MainTex_ST",1,1,0,0],["_MetallicGlossMap_ST",1,1,0,0],["_BumpMap_ST",1,1,0,0],["_ParallaxMap_ST",1,1,0,0],["_OcclusionMap_ST",1,1,0,0],["_EmissionMap_ST",1,1,0,0],["_DetailMask_ST",1,1,0,0],["_DetailAlbedoMap_ST",1,1,0,0],["_DetailNormalMap_ST",1,1,0,0]],[["_MainTex",null,null],["_MetallicGlossMap",null,null],["_BumpMap",null,null],["_ParallaxMap",null,null],["_OcclusionMap",null,null],["_EmissionMap",null,null],["_DetailMask",null,null],["_DetailAlbedoMap",null,null],["_DetailNormalMap",null,null]],[["_EMISSION",1]]]},{"id":450,"path":"Resources/unity_builtin_extra\\Sprites-Default","assetBundleId":-2,"data":["Sprites-Default",0,28,3000,0,[["PixelSnap",0],["_EnableExternalAlpha",0]],[["_Color",1,1,1,1],["_RendererColor",1,1,1,1]],[["_MainTex_ST",1,1,0,0],["_Flip",1,1,1,1],["_AlphaTex_ST",1,1,0,0]],[["_MainTex",null,null],["_AlphaTex",null,null]],[]]},{"id":700,"path":"Resources/unity_builtin_extra\\Default-Skybox","assetBundleId":-2,"data":["Default-Skybox",0,150,1000,0,[["_SunDisk",1],["_SunSize",0.0399999991059303],["_SunSizeConvergence",5],["_AtmosphereThickness",1],["_Exposure",1.29999995231628]],[["_SkyTint",0.5,0.5,0.5,1],["_GroundColor",0.368999987840652,0.349000006914139,0.340999990701675,1]],[],[],[["_SUNDISK_SIMPLE",1]]]},{"id":704,"path":"Resources/unity_builtin_extra\\Default-Line","assetBundleId":-2,"data":["Default-Line",0,166,3000,0,[["_InvFade",1]],[],[["_MainTex_ST",1,1,0,0]],[["_MainTex",null,null]],[]]}],"shaders":[{"id":30,"assetBundleId":-2,"data":[[],"UI/Default",null,["UNITY_UI_ALPHACLIP","UNITY_UI_CLIP_RECT","STEREO_CUBEMAP_RENDER_ON","STEREO_INSTANCING_ON","STEREO_MULTIVIEW_ON","UNITY_SINGLE_PASS_STEREO","_"],[[0,0,"Default",0,"",0,[0,"unity_GUIZTestMode"],[0,null],[0,null],[[1,null],[10,null],[0,null]],[[1,null],[10,null],[0,null]],[0,"_ColorMask"],[0,null],[0,null],[0,"_Stencil"],[0,"_StencilReadMask"],[0,"_StencilWriteMask"],[[0,"_StencilOp"],[0,null],[0,null],[0,"_StencilComp"]],[[0,null],[0,null],[0,null],[8,null]],[[0,null],[0,null],[0,null],[8,null]],[["CanUseSpriteAtlas","true"],["IGNOREPROJECTOR","true"],["PreviewType","Plane"],["QUEUE","Transparent"],["RenderType","Transparent"]],["STEREO_CUBEMAP_RENDER_ON","STEREO_INSTANCING_ON","STEREO_MULTIVIEW_ON","UNITY_SINGLE_PASS_STEREO","UNITY_UI_ALPHACLIP","UNITY_UI_CLIP_RECT","_"],[],[[0,0,[],0,1,0]],[],0]],[],[["_MainTex",4,0,0,0,0,"white"],["_Color",0,1,1,1,1,""],["_StencilComp",2,8,0,0,0,""],["_Stencil",2,0,0,0,0,""],["_StencilOp",2,0,0,0,0,""],["_StencilWriteMask",2,255,0,0,0,""],["_StencilReadMask",2,255,0,0,0,""],["_ColorMask",2,15,0,0,0,""],["_UseUIAlphaClip",2,0,0,0,0,""]],null,null,0,0,0]},{"id":150,"assetBundleId":-2,"data":[[],"Skybox/Procedural",null,["_SUNDISK_HIGH_QUALITY","_SUNDISK_NONE","_SUNDISK_SIMPLE","STEREO_CUBEMAP_RENDER_ON","STEREO_INSTANCING_ON","STEREO_MULTIVIEW_ON","UNITY_SINGLE_PASS_STEREO"],[[0,0,"",0,"",0,[4,null],[0,null],[0,null],[[1,null],[0,null],[0,null]],[[1,null],[0,null],[0,null]],[15,null],[0,null],[0,null],[0,null],[255,null],[255,null],[[0,null],[0,null],[0,null],[8,null]],[[0,null],[0,null],[0,null],[8,null]],[[0,null],[0,null],[0,null],[8,null]],[["PreviewType","Skybox"],["QUEUE","Background"],["RenderType","Background"]],["STEREO_CUBEMAP_RENDER_ON","STEREO_INSTANCING_ON","STEREO_MULTIVIEW_ON","UNITY_SINGLE_PASS_STEREO","_SUNDISK_HIGH_QUALITY","_SUNDISK_NONE","_SUNDISK_SIMPLE"],[],[],[],0]],[],[["_SunDisk",2,2,0,0,0,""],["_SunSize",3,0.0399999991059303,0,1,0,""],["_SunSizeConvergence",3,5,1,10,0,""],["_AtmosphereThickness",3,1,0,5,0,""],["_SkyTint",0,0.5,0.5,0.5,1,""],["_GroundColor",0,0.368999987840652,0.349000006914139,0.340999990701675,1,""],["_Exposure",3,1.29999995231628,0,8,0,""]],null,null,0,0,0]},{"id":28,"assetBundleId":-2,"data":[[],"Sprites/Default",null,["PIXELSNAP_ON","ETC1_EXTERNAL_ALPHA","INSTANCING_ON","STEREO_CUBEMAP_RENDER_ON","STEREO_INSTANCING_ON","STEREO_MULTIVIEW_ON","UNITY_SINGLE_PASS_STEREO","_","__"],[[0,0,"",0,"",0,[4,null],[0,null],[0,null],[[1,null],[10,null],[0,null]],[[1,null],[10,null],[0,null]],[15,null],[0,null],[0,null],[0,null],[255,null],[255,null],[[0,null],[0,null],[0,null],[8,null]],[[0,null],[0,null],[0,null],[8,null]],[[0,null],[0,null],[0,null],[8,null]],[["CanUseSpriteAtlas","true"],["IGNOREPROJECTOR","true"],["PreviewType","Plane"],["QUEUE","Transparent"],["RenderType","Transparent"]],["ETC1_EXTERNAL_ALPHA","INSTANCING_ON","PIXELSNAP_ON","STEREO_CUBEMAP_RENDER_ON","STEREO_INSTANCING_ON","STEREO_MULTIVIEW_ON","UNITY_SINGLE_PASS_STEREO","_","__"],[],[[0,0,[],2,3,0]],[],0]],[],[["_MainTex",4,0,0,0,0,"white"],["_Color",0,1,1,1,1,""],["PixelSnap",2,0,0,0,0,""],["_RendererColor",0,1,1,1,1,""],["_Flip",1,1,1,1,1,""],["_AlphaTex",4,0,0,0,0,"white"],["_EnableExternalAlpha",2,0,0,0,0,""]],null,null,0,0,0]},{"id":166,"assetBundleId":-2,"data":[[],"Legacy Shaders/Particles/Alpha Blended Premultiply",null,["SOFTPARTICLES_ON","STEREO_CUBEMAP_RENDER_ON","STEREO_INSTANCING_ON","STEREO_MULTIVIEW_ON","UNITY_SINGLE_PASS_STEREO"],[[0,0,"",0,"",0,[4,null],[0,null],[0,null],[[1,null],[10,null],[0,null]],[[1,null],[10,null],[0,null]],[14,null],[0,null],[0,null],[0,null],[255,null],[255,null],[[0,null],[0,null],[0,null],[8,null]],[[0,null],[0,null],[0,null],[8,null]],[[0,null],[0,null],[0,null],[8,null]],[["IGNOREPROJECTOR","true"],["PreviewType","Plane"],["QUEUE","Transparent"],["RenderType","Transparent"]],["SOFTPARTICLES_ON","STEREO_CUBEMAP_RENDER_ON","STEREO_INSTANCING_ON","STEREO_MULTIVIEW_ON","UNITY_SINGLE_PASS_STEREO"],[],[[0,0,[],4,5,0]],[],0]],[],[["_MainTex",4,0,0,0,0,"white"],["_InvFade",3,1,0.00999999977648258,3,0,""]],null,null,0,0,0]},{"id":48,"assetBundleId":-2,"data":[[],"Hidden/BlitCopy",null,["STEREO_CUBEMAP_RENDER_ON","STEREO_INSTANCING_ON","STEREO_MULTIVIEW_ON","UNITY_SINGLE_PASS_STEREO"],[[0,0,"",0,"",0,[8,null],[0,null],[0,null],[[1,null],[0,null],[0,null]],[[1,null],[0,null],[0,null]],[15,null],[0,null],[0,null],[0,null],[255,null],[255,null],[[0,null],[0,null],[0,null],[8,null]],[[0,null],[0,null],[0,null],[8,null]],[[0,null],[0,null],[0,null],[8,null]],[],["STEREO_CUBEMAP_RENDER_ON","STEREO_INSTANCING_ON","STEREO_MULTIVIEW_ON","UNITY_SINGLE_PASS_STEREO"],[],[],[],0]],[],[["_MainTex",4,0,0,0,0,""],["_Color",0,1,1,1,1,""]],null,null,0,0,0]},{"id":64,"assetBundleId":-2,"data":[[],"Standard",null,["DIRECTIONAL","DIRLIGHTMAP_COMBINED","FOG_EXP","FOG_EXP2","FOG_LINEAR","LIGHTMAP_ON","LIGHTPROBE_SH","SHADOWS_SCREEN","SHADOWS_SHADOWMASK","VERTEXLIGHT_ON","_ALPHABLEND_ON","_ALPHAPREMULTIPLY_ON","_ALPHATEST_ON","_DETAIL_MULX2","_EMISSION","_GLOSSYREFLECTIONS_OFF","_METALLICGLOSSMAP","_NORMALMAP","_PARALLAXMAP","_SMOOTHNESS_TEXTURE_ALBEDO_CHANNEL_A","_SPECULARHIGHLIGHTS_OFF","DIRECTIONAL_COOKIE","POINT","POINT_COOKIE","SHADOWS_DEPTH","SPOT","DYNAMICLIGHTMAP_ON","INSTANCING_ON","LIGHTMAP_SHADOW_MIXING","STEREO_CUBEMAP_RENDER_ON","STEREO_INSTANCING_ON","STEREO_MULTIVIEW_ON","UNITY_SINGLE_PASS_STEREO","__","_","SHADOWS_CUBE","SHADOWS_SOFT"],[[0,0,"FORWARD",4,"",0,[4,null],[0,"_ZWrite"],[2,null],[[0,"_SrcBlend"],[0,"_DstBlend"],[0,null]],[[0,"_SrcBlend"],[0,"_DstBlend"],[0,null]],[15,null],[0,null],[0,null],[0,null],[255,null],[255,null],[[0,null],[0,null],[0,null],[8,null]],[[0,null],[0,null],[0,null],[8,null]],[[0,null],[0,null],[0,null],[8,null]],[["LIGHTMODE","FORWARDBASE"],["PerformanceChecks","False"],["RenderType","Opaque"],["SHADOWSUPPORT","true"]],["DIRECTIONAL","DIRLIGHTMAP_COMBINED","DYNAMICLIGHTMAP_ON","FOG_EXP","FOG_EXP2","FOG_LINEAR","INSTANCING_ON","LIGHTMAP_ON","LIGHTMAP_SHADOW_MIXING","LIGHTPROBE_SH","SHADOWS_SCREEN","SHADOWS_SHADOWMASK","STEREO_CUBEMAP_RENDER_ON","STEREO_INSTANCING_ON","STEREO_MULTIVIEW_ON","UNITY_SINGLE_PASS_STEREO","VERTEXLIGHT_ON","_ALPHABLEND_ON","_ALPHAPREMULTIPLY_ON","_ALPHATEST_ON","_DETAIL_MULX2","_EMISSION","_GLOSSYREFLECTIONS_OFF","_METALLICGLOSSMAP","_NORMALMAP","_PARALLAXMAP","_SMOOTHNESS_TEXTURE_ALBEDO_CHANNEL_A","_SPECULARHIGHLIGHTS_OFF","__","_"],[],[[0,0,["DIRECTIONAL","LIGHTPROBE_SH"],13,14,0]],[],0],[1,0,"FORWARD_DELTA",5,"",0,[4,null],[0,null],[2,null],[[0,"_SrcBlend"],[1,null],[0,null]],[[0,"_SrcBlend"],[1,null],[0,null]],[15,null],[0,null],[0,null],[0,null],[255,null],[255,null],[[0,null],[0,null],[0,null],[8,null]],[[0,null],[0,null],[0,null],[8,null]],[[0,null],[0,null],[0,null],[8,null]],[["LIGHTMODE","FORWARDADD"],["PerformanceChecks","False"],["RenderType","Opaque"],["SHADOWSUPPORT","true"]],["DIRECTIONAL","DIRECTIONAL_COOKIE","FOG_EXP","FOG_EXP2","FOG_LINEAR","LIGHTMAP_SHADOW_MIXING","POINT","POINT_COOKIE","SHADOWS_CUBE","SHADOWS_DEPTH","SHADOWS_SCREEN","SHADOWS_SHADOWMASK","SHADOWS_SOFT","SPOT","STEREO_CUBEMAP_RENDER_ON","STEREO_INSTANCING_ON","STEREO_MULTIVIEW_ON","UNITY_SINGLE_PASS_STEREO","_ALPHABLEND_ON","_ALPHAPREMULTIPLY_ON","_ALPHATEST_ON","_DETAIL_MULX2","_METALLICGLOSSMAP","_NORMALMAP","_PARALLAXMAP","_SMOOTHNESS_TEXTURE_ALBEDO_CHANNEL_A","_SPECULARHIGHLIGHTS_OFF","__","_"],[],[],[],0],[2,0,"ShadowCaster",8,"",0,[4,null],[1,null],[2,null],[[1,null],[0,null],[0,null]],[[1,null],[0,null],[0,null]],[15,null],[0,null],[0,null],[0,null],[255,null],[255,null],[[0,null],[0,null],[0,null],[8,null]],[[0,null],[0,null],[0,null],[8,null]],[[0,null],[0,null],[0,null],[8,null]],[["LIGHTMODE","SHADOWCASTER"],["PerformanceChecks","False"],["RenderType","Opaque"],["SHADOWSUPPORT","true"]],["INSTANCING_ON","SHADOWS_CUBE","SHADOWS_DEPTH","STEREO_CUBEMAP_RENDER_ON","STEREO_INSTANCING_ON","STEREO_MULTIVIEW_ON","UNITY_SINGLE_PASS_STEREO","_ALPHABLEND_ON","_ALPHAPREMULTIPLY_ON","_ALPHATEST_ON","_METALLICGLOSSMAP","_PARALLAXMAP","_SMOOTHNESS_TEXTURE_ALBEDO_CHANNEL_A","__","_"],[],[],[],0]],[],[["_Color",0,1,1,1,1,""],["_MainTex",4,0,0,0,0,"white"],["_Cutoff",3,0.5,0,1,0,""],["_Glossiness",3,0.5,0,1,0,""],["_GlossMapScale",3,1,0,1,0,""],["_SmoothnessTextureChannel",2,0,0,0,0,""],["_Metallic",3,0,0,1,0,""],["_MetallicGlossMap",4,0,0,0,0,"white"],["_SpecularHighlights",2,1,0,0,0,""],["_GlossyReflections",2,1,0,0,0,""],["_BumpScale",2,1,0,0,0,""],["_BumpMap",4,0,0,0,0,"bump"],["_Parallax",3,0.0199999995529652,0.00499999988824129,0.0799999982118607,0,""],["_ParallaxMap",4,0,0,0,0,"black"],["_OcclusionStrength",3,1,0,1,0,""],["_OcclusionMap",4,0,0,0,0,"white"],["_EmissionColor",0,0,0,0,1,""],["_EmissionMap",4,0,0,0,0,"white"],["_DetailMask",4,0,0,0,0,"white"],["_DetailAlbedoMap",4,0,0,0,0,"grey"],["_DetailNormalMapScale",2,1,0,0,0,""],["_DetailNormalMap",4,0,0,0,0,"bump"],["_UVSec",2,0,0,0,0,""],["_Mode",2,0,0,0,0,""],["_SrcBlend",2,1,0,0,0,""],["_DstBlend",2,0,0,0,0,""],["_ZWrite",2,1,0,0,0,""]],0,68,0,0,0]},{"id":68,"assetBundleId":-2,"data":[[],"Legacy Shaders/VertexLit",null,["FOG_EXP","FOG_EXP2","FOG_LINEAR","POINT","SPOT","SHADOWS_DEPTH","STEREO_CUBEMAP_RENDER_ON","STEREO_INSTANCING_ON","STEREO_MULTIVIEW_ON","UNITY_SINGLE_PASS_STEREO","_","__","INSTANCING_ON","SHADOWS_CUBE"],[[0,0,"",1,"",0,[4,null],[1,null],[2,null],[[1,null],[0,null],[0,null]],[[1,null],[0,null],[0,null]],[15,null],[0,null],[0,null],[0,null],[255,null],[255,null],[[0,null],[0,null],[0,null],[8,null]],[[0,null],[0,null],[0,null],[8,null]],[[0,null],[0,null],[0,null],[8,null]],[["LIGHTMODE","Vertex"],["RenderType","Opaque"]],["FOG_EXP","FOG_EXP2","FOG_LINEAR","POINT","SPOT","STEREO_CUBEMAP_RENDER_ON","STEREO_INSTANCING_ON","STEREO_MULTIVIEW_ON","UNITY_SINGLE_PASS_STEREO","_"],[],[],[],0],[1,0,"",2,"",0,[4,null],[1,null],[2,null],[[1,null],[0,null],[0,null]],[[1,null],[0,null],[0,null]],[15,null],[0,null],[0,null],[0,null],[255,null],[255,null],[[0,null],[0,null],[0,null],[8,null]],[[0,null],[0,null],[0,null],[8,null]],[[0,null],[0,null],[0,null],[8,null]],[["LIGHTMODE","VertexLM"],["RenderType","Opaque"]],["FOG_EXP","FOG_EXP2","FOG_LINEAR","STEREO_CUBEMAP_RENDER_ON","STEREO_INSTANCING_ON","STEREO_MULTIVIEW_ON","UNITY_SINGLE_PASS_STEREO","__"],[],[],[],0],[2,0,"ShadowCaster",8,"",0,[4,null],[1,null],[2,null],[[1,null],[0,null],[0,null]],[[1,null],[0,null],[0,null]],[15,null],[0,null],[0,null],[0,null],[255,null],[255,null],[[0,null],[0,null],[0,null],[8,null]],[[0,null],[0,null],[0,null],[8,null]],[[0,null],[0,null],[0,null],[8,null]],[["LIGHTMODE","SHADOWCASTER"],["RenderType","Opaque"],["SHADOWSUPPORT","true"]],["INSTANCING_ON","SHADOWS_CUBE","SHADOWS_DEPTH","STEREO_CUBEMAP_RENDER_ON","STEREO_INSTANCING_ON","STEREO_MULTIVIEW_ON","UNITY_SINGLE_PASS_STEREO","__"],[],[],[],0]],[],[["_Color",0,1,1,1,1,""],["_SpecColor",0,1,1,1,1,""],["_Emission",0,0,0,0,0,""],["_Shininess",3,0.699999988079071,0.00999999977648258,1,0,""],["_MainTex",4,0,0,0,0,"white"]],null,null,0,0,0]}],"sprites":[{"id":718,"path":"Resources/unity_builtin_extra\\UISprite","assetBundleId":-2,"data":["UISprite",11,716,[0,0,0,0.08,0.08,0],[0.05,0.08,0,0.8125,1,0.08,-0.08,0,1,0,0.08,0.075,0,1,0.96875,-0.07,0.08,0,0.0625,1,-0.075,-0.08,0,0.03124997,0,-0.08,0.07,0,0,0.9375,-0.08,-0.05,0,0,0.1875],[6,5,4,3,4,5,1,4,3,0,1,3,2,1,0],-0.000835968181490898,-0.00160364620387554,0.999164044857025,0.998396337032318,0,0,1,1,0.3125,0.3125,0.3125,0.3125,[0,0,0,0],[-0.08,-0.08,0.08,0.08],200,32,32,32,32,16,16,0.0267509818077087,0.0513166785240173]}],"textures":[{"id":710,"type":0,"path":"Resources/unity_builtin_extra\\Default-Checker-Gray","assetBundleId":-2,"data":["Default-Checker-Gray",64,64,7,1,1,0,3,0,0,1],"ext":".jpeg"},{"id":716,"type":0,"path":"Resources/unity_builtin_extra\\UISprite","assetBundleId":-2,"data":["UISprite",32,32,6,16,1,0,4,1,1,1]}],"cubemaps":[{"id":23738,"type":2,"path":"Assets/_Scenes/PlayableAdScreen.unity/PrefilteredEnvironment.exr","assetBundleId":-2,"data":["",-14120,8,1,128,0,2,1,[0,0,0.25,0.5,0,0.5,0.25,1,0.25,0,0.5,0.5,0.25,0.5,0.5,1,0.5,0,0.75,0.5,0.75,0,1,0.5,0.5,0.5,0.625,0.75,0.5,0.75,0.625,1,0.625,0.5,0.75,0.75,0.625,0.75,0.75,1,0.75,0.5,0.875,0.75,0.875,0.5,1,0.75,0.75,0.75,0.8125,0.875,0.75,0.875,0.8125,1,0.8125,0.75,0.875,0.875,0.8125,0.875,0.875,1,0.875,0.75,0.9375,0.875,0.9375,0.75,1,0.875,0.875,0.875,0.90625,0.9375,0.875,0.9375,0.90625,1,0.90625,0.875,0.9375,0.9375,0.90625,0.9375,0.9375,1,0.9375,0.875,0.96875,0.9375,0.96875,0.875,1,0.9375,0.9375,0.9375,0.953125,0.96875,0.9375,0.96875,0.953125,1,0.953125,0.9375,0.96875,0.96875,0.953125,0.96875,0.96875,1,0.96875,0.9375,0.984375,0.96875,0.984375,0.9375,1,0.96875,0.96875,0.96875,0.9765625,0.984375,0.96875,0.984375,0.9765625,1,0.9765625,0.96875,0.984375,0.984375,0.9765625,0.984375,0.984375,1,0.984375,0.96875,0.9921875,0.984375,0.9921875,0.96875,1,0.984375,0.984375,0.984375,0.98828125,0.9921875,0.984375,0.9921875,0.98828125,1,0.98828125,0.984375,0.9921875,0.9921875,0.98828125,0.9921875,0.9921875,1,0.9921875,0.984375,0.99609375,0.9921875,0.99609375,0.984375,1,0.9921875,0.9921875,0.9921875,0.994140625,0.99609375,0.9921875,0.99609375,0.994140625,1,0.994140625,0.9921875,0.99609375,0.99609375,0.994140625,0.99609375,0.99609375,1,0.99609375,0.9921875,0.998046875,0.99609375,0.998046875,0.9921875,1,0.99609375]]}],"resources":[{"id":0,"assetBundleId":-2,"data":[[["unity_builtin_extra",0,30],["unity_builtin_extra",0,64],["unity_builtin_extra",11,710],["unity_builtin_extra",0,28],["unity_builtin_extra",5,450],["unity_builtin_extra",5,698],["unity_builtin_extra",0,166],["unity_builtin_extra",5,704],["fonts & materials/liberationsans sdf",11,23460],["fonts & materials/liberationsans sdf",5,23458],["fonts & materials/liberationsans sdf - fallback",11,23374],["fonts & materials/liberationsans sdf - fallback",5,23350],["fonts & materials/liberationsans sdf - fallback",24,23348],["fonts & materials/liberationsans sdf",24,23406],["fonts & materials/liberationsans sdf - drop shadow",5,23408],["unity_builtin_extra",11,716],["unity_builtin_extra",8,718],["unity_builtin_extra",0,150],["unity_builtin_extra",5,700],["sprite assets/emojione",5,23610],["sprite assets/emojione",42,23598],["style sheets/default style sheet",43,23604],["linebreaking leading characters",44,23606],["linebreaking following characters",44,23608],["tmp settings",41,23600],["fonts & materials/liberationsans sdf - outline",5,23602]],[23328,23352,23472,23352,23500,23352,23474,23352,23492,23352,23484,23520,23572,23520,23576,23520,23462,23352,23464,23352,23466,23352,23468,23352,23470,23352,23476,23352,23478,23352,23480,23352,23482,23352,26508,26500,23546,23352,23548,23352,23550,23352,23540,23352,23542,23352,23544,23352,23526,23352,23528,23352,23530,23352,23532,23352,23534,23352,23536,23352,23552,23352,23554,23352,23556,23352,-13844,26500,-13848,26500,-13852,26500,23582,23352,23584,23352,23586,23352,-13856,26500,23522,23352,23524,23352,23568,23352,23570,23352,23560,23352,23562,23352,23564,23352,23566,23352,-13794,26500,-13804,26500,-13814,26500,-13824,26500,-13834,26500,-13866,26500,-13874,26500,-13882,26500,-13890,26500,23318,23320,23384,23320,23422,23320,23424,23320,23426,23320,23428,23320,23430,23320,23432,23320,23380,23320,23382,23320,23386,23320,23388,23320,23390,23320,23392,23320,23394,23320,23396,23320,26484,26500,23434,23320,23436,23320,23438,23320,-13566,26500,23442,23320,23450,23320,23446,23320,23444,23320,23440,23320,23448,23320,-13576,26500,-13584,26500,-13592,26500,-13600,26500,-13608,26500,-13616,26500,23452,23320,23454,23320,23456,23320,-13552,26500,-13560,26500,23356,23320,23358,23320,23360,23320,23362,23320,23324,23320,-13580,26500,-13588,26500,-13596,26500,-13604,26500,-13612,26500,-13620,26500,26684,26500,-13230,26500,-13240,26500,-13248,26500,-13256,26500,-13264,26500,-13272,26500,-13280,26500,-13216,26500,-13224,26500,-13244,26500,-13252,26500,-13260,26500,-13268,26500,-13276,26500,-13284,26500,26596,26500,-13734,26500,-13744,26500,-13752,26500,-13760,26500,-13768,26500,-13776,26500,-13784,26500,-13720,26500,-13728,26500,-13748,26500,-13756,26500,-13764,26500,-13772,26500,-13780,26500,-13788,26500,26488,26500,-13146,26500,-13156,26500,-13164,26500,-13172,26500,-13180,26500,-13188,26500,-13196,26500,-13132,26500,-13140,26500,-13160,26500,-13168,26500,-13176,26500,-13184,26500,-13192,26500,-13200,26500,26506,26500,-13482,26500,-13492,26500,-13500,26500,-13508,26500,-13516,26500,-13524,26500,-13532,26500,-13468,26500,-13476,26500,-13496,26500,-13504,26500,-13512,26500,-13520,26500,-13528,26500,-13536,26500,26498,26500,-13398,26500,-13408,26500,-13416,26500,-13424,26500,-13432,26500,-13440,26500,-13448,26500,-13384,26500,-13392,26500,-13412,26500,-13420,26500,-13428,26500,-13436,26500,-13444,26500,-13452,26500,26494,26500,-13314,26500,-13324,26500,-13332,26500,-13340,26500,-13348,26500,-13356,26500,-13364,26500,-13300,26500,-13308,26500,-13328,26500,-13336,26500,-13344,26500,-13352,26500,-13360,26500,-13368,26500,26540,26500,-13650,26500,-13660,26500,-13668,26500,-13676,26500,-13684,26500,-13692,26500,-13700,26500,-13636,26500,-13644,26500,-13664,26500,-13672,26500,-13680,26500,-13688,26500,-13696,26500,-13704,26500]]}],"project-settings":[{"id":-1,"assetBundleId":-2,"data":[[["UnityEngine.EventSystems.EventSystem",-1000],["UnityEngine.UI.ToggleGroup",10],["TMPro.TextMeshPro",-105],["TMPro.TextMeshProUGUI",-100],["TMPro.TextContainer",-110]],[[0,"Default",0]],[[0,"Default"],[1,"TransparentFX"],[2,"Ignore Raycast"],[4,"Water"],[5,"UI"]],[0.0199999995529652,0.333333343267441,1,0.0299999993294477],[0,-9.8100004196167,0,6,2,0,1,[[0,0,0],[0,0,1],[0,0,2],[0,0,4],[0,0,5],[0,1,0],[0,1,1],[0,1,2],[0,1,4],[0,1,5],[0,2,0],[0,2,1],[0,2,2],[0,2,4],[0,2,5],[0,4,0],[0,4,1],[0,4,2],[0,4,4],[0,4,5],[0,5,0],[0,5,1],[0,5,2],[0,5,4],[0,5,5]]],[null,null,0,-9.8100004196167,3,8,1,0.200000002980232,8,100,360,0.200000002980232,0.75,0.5,0.00999999977648258,2,0.00999999977648258,1,1,1,1,1,0,[[0,0,0],[0,0,1],[0,0,2],[0,0,4],[0,0,5],[0,1,0],[0,1,1],[0,1,2],[0,1,4],[0,1,5],[0,2,0],[0,2,1],[0,2,2],[0,2,4],[0,2,5],[0,4,0],[0,4,1],[0,4,2],[0,4,4],[0,4,5],[0,5,0],[0,5,1],[0,5,2],[0,5,4],[0,5,5]]],[[[[],["Very Low","Low","Medium","High","Very High","Ultra"],0,0,0,0.300000011920929,1,15,0,1,0,0,0,0,0,1,2,4,0,0,0.333333343267441,0.0666666701436043,0.200000002980232,0.466666668653488,0,0,16,2,0,3,512,0,1,2,512,1,1024,0],[[],["Very Low","Low","Medium","High","Very High","Ultra"],0,0,0,0.400000005960464,1,20,0,1,0,0,0,0,0,0,2,16,0,0,0.333333343267441,0.0666666701436043,0.200000002980232,0.466666668653488,0,0,16,2,0,3,512,0,1,2,512,1,1024,1],[[],["Very Low","Low","Medium","High","Very High","Ultra"],1,1,0,0.699999988079071,1,20,0,1,0,0,0,0,0,0,2,64,1,0,0.333333343267441,0.0666666701436043,0.200000002980232,0.466666668653488,0,1,16,2,0,3,512,0,1,2,512,1,1024,2],[[],["Very Low","Low","Medium","High","Very High","Ultra"],2,1,0,1,2,40,1,1,1,0,1,0,0,0,2,256,2,1,0.333333343267441,0.0666666701436043,0.200000002980232,0.466666668653488,0,1,16,2,1,3,512,0,1,2,512,1,1024,3],[[],["Very Low","Low","Medium","High","Very High","Ultra"],2,2,2,1.5,2,70,1,1,2,1,1,0,0,0,2,1024,3,1,0.333333343267441,0.0666666701436043,0.200000002980232,0.466666668653488,0,1,16,2,1,3,512,0,1,2,512,1,1024,4],[[],["Very Low","Low","Medium","High","Very High","Ultra"],2,2,2,2,4,150,1,1,2,1,1,0,0,0,2,4096,4,1,0.333333343267441,0.0666666701436043,0.200000002980232,0.466666668653488,0,1,16,2,1,3,512,0,1,2,512,1,1024,5]],["Very Low","Low","Medium","High","Very High","Ultra"],2,2,2,2,4,150,1,1,2,1,1,0,0,0,2,4096,4,1,0.333333343267441,0.0666666701436043,0.200000002980232,0.466666668653488,0,1,16,2,1,3,512,0,1,2,512,1,1024,5],0,0,0,1,0,["Untagged","Respawn","Finish","EditorOnly","MainCamera","Player","GameController","Cube","Thrown","FinishLine"]]}]}