{"title":"Chain-Cube","icon":null,"fields":{"PlayableManager":{"title":{"title":"Tutorial Card Title","type":"string","defaultValue":[""],"constraints":{},"section":"Tutorial Card Details","order":0,"localization":0,"options":{}},"titleColor":{"title":"Tutorial Card Title color","type":"color","defaultValue":[0,0,0,0],"constraints":{},"section":"Tutorial Card Details","order":0,"localization":0,"options":{}},"endTitle":{"title":"End Card Title","type":"string","defaultValue":[""],"constraints":{},"section":"End Card Details","order":1,"localization":0,"options":{}},"endCardTitleColor":{"title":"End Card Title Color","type":"color","defaultValue":[0,0,0,0],"constraints":{},"section":"End Card Details","order":1,"localization":0,"options":{}}}},"assets":{},"sections":[],"buildId":"f90cff8e-5d54-4169-acfd-82b0a8372ba9"}